UF|MUNICIPIO|IDENTIFICADOR_UNICO_CABO_CONECTADO|CONTAGEM_OK|QTDE_OK|CONTAGEM_NOK|QTDE_NOK
SC|GAROPABA|CBL0000000007953747|SP45[SS2-SS8]|7||0
SC|GAROPABA|CBL0000000007954027|SP45[SS2-SS7]|6||0
SC|GAROPABA|CBL0000000007954705|SP45[SS2-SS6]|5||0
SC|GAROPABA|CBL0000000007954857|SP45[SS2-SS5]|4||0
SC|GAROPABA|CBL0000000007956419|SP45[SS2-SS4]|3||0
SC|GAROPABA|CBL0000000007956653|SP45[SS2-SS3]|2||0
SC|GAROPABA|CBL0000000007957182|SP45[SS2]|1||0
SC|GAROPABA|CBL0000000007972116|SP46[SS1-SS8]|8||0
SC|GAROPABA|CBL0000000008006874|SP46[SS1-SS6]|6||0
SC|GAROPABA|CBL0000000008009119|SP46[SS1-SS4]|4||0
SC|GAROPABA|CBL0000000008009355|SP46[SS1-SS2]|2||0
SC|GAROPABA|CBL0000000008017092|SP47[SS1-SS8]|8||0
SC|GAROPABA|CBL0000000008017651|SP47[SS1-SS4]|4||0
SC|GAROPABA|CBL0000000008017993|SP47[SS1-SS2]|2||0
SC|GAROPABA|CBL0000000008028556|SP48[SS2-SS8]|7||0
SC|GAROPABA|CBL0000000008028637|SP48[SS2-SS7]|6||0
SC|GAROPABA|CBL0000000008028758|SP48[SS2-SS6]|5||0
SC|GAROPABA|CBL0000000008029014|SP48[SS2-SS5]|4||0
SC|GAROPABA|CBL0000000008029195|SP48[SS2-SS4]|3||0
SC|GAROPABA|CBL0000000008029336|SP48[SS2-SS3]|2||0
SC|GAROPABA|CBL0000000008029537|SP48[SS2]|1||0
SC|GAROPABA|CBL0000000008132897|SP53[SS2-SS8]|7||0
SC|GAROPABA|CBL0000000008133330|SP53[SS2-SS7]|6||0
SC|GAROPABA|CBL0000000008133654|SP53[SS2-SS6]|5||0
SC|GAROPABA|CBL0000000008133908|SP53[SS2-SS5]|4||0
SC|GAROPABA|CBL0000000008134221|SP53[SS2-SS4]|3||0
SC|GAROPABA|CBL0000000008134425|SP53[SS2-SS3]|2||0
SC|GAROPABA|CBL0000000008134787|SP53[SS2]|1||0
SC|GAROPABA|CBL0000000008135330|SP52[SS2-SS8]|7||0
SC|GAROPABA|CBL0000000008136045|SP52[SS2-SS7]|6||0
SC|GAROPABA|CBL0000000008136419|SP52[SS2-SS6]|5||0
SC|GAROPABA|CBL0000000008137089|SP52[SS2-SS4]|3||0
SC|GAROPABA|CBL0000000008137301|SP52[SS2-SS3]|2||0
SC|GAROPABA|CBL0000000008138185|SP52[SS2-SS5]|4||0
SC|GAROPABA|CBL0000000008138442|SP52[SS2]|1||0
SC|GAROPABA|CBL0000000008139337|SP51[SS1-SS8]|8||0
SC|GAROPABA|CBL0000000008139548|SP51[SS1-SS7]|7||0
SC|GAROPABA|CBL0000000008139989|SP51[SS1-SS6]|6||0
SC|GAROPABA|CBL0000000008140297|SP51[SS1-SS5]|5||0
SC|GAROPABA|CBL0000000008140557|SP51[SS1-SS4]|4||0
SC|GAROPABA|CBL0000000008140745|SP51[SS1-SS3]|3||0
SC|GAROPABA|CBL0000000008140843|SP51[SS1-SS2]|2||0
SC|GAROPABA|CBL0000000008141641|SP55[SS1;SS3-SS8]|7||0
SC|GAROPABA|CBL0000000008141841|SP55[SS1;SS3-SS7]|6||0
SC|GAROPABA|CBL0000000008142110|SP55[SS1;SS3-SS6]|5||0
SC|GAROPABA|CBL0000000008142258|SP55[SS1;SS3-SS5]|4||0
SC|GAROPABA|CBL0000000008142487|SP55[SS1;SS3-SS4]|3||0
SC|GAROPABA|CBL0000000008142705|SP55[SS1;SS3]|2||0
SC|GAROPABA|CBL0000000008142818|SP55[SS1]|1||0
SC|GAROPABA|CBL0000000008147540|SP49[SS1-SS8]|8||0
SC|GAROPABA|CBL0000000008147780|SP49[SS1-SS6]|6||0
SC|GAROPABA|CBL0000000008147934|SP49[SS1-SS4]|4||0
SC|GAROPABA|CBL0000000008148184|SP49[SS1-SS2]|2||0
SC|GAROPABA|CBL0000000008242326|SP39[SS2-SS8]|7||0
SC|GAROPABA|CBL0000000008242408|SP39[SS2-SS7]|6||0
SC|GAROPABA|CBL0000000008242627|SP39[SS2-SS6]|5||0
SC|GAROPABA|CBL0000000008243341|SP39[SS2-SS5]|4||0
SC|GAROPABA|CBL0000000008243470|SP39[SS2-SS4]|3||0
SC|GAROPABA|CBL0000000008243892|SP39[SS2-SS3]|2||0
SC|GAROPABA|CBL0000000008244184|SP39[SS2]|1||0
SC|GAROPABA|CBL0000000008260364|SP40[SS2-SS8]|7||0
SC|GAROPABA|CBL0000000008261018|SP40[SS2-SS7]|6||0
SC|GAROPABA|CBL0000000008262022|SP40[SS2-SS6]|5||0
SC|GAROPABA|CBL0000000008262137|SP40[SS2-SS5]|4||0
SC|GAROPABA|CBL0000000008262222|SP40[SS2-SS4]|3||0
SC|GAROPABA|CBL0000000008262298|SP40[SS2-SS3]|2||0
SC|GAROPABA|CBL0000000008263024|SP40[SS2]|1||0
SC|GAROPABA|CBL0000000008292391|SP90[SS1-SS8]|8||0
SC|GAROPABA|CBL0000000008292613|SP90[SS1-SS6]|6||0
SC|GAROPABA|CBL0000000008292802|SP90[SS1-SS4]|4||0
SC|GAROPABA|CBL0000000008301403|SP1[SS1-SS8]|8||0
SC|GAROPABA|CBL0000000008301632|SP1[SS1-SS7]|7||0
SC|GAROPABA|CBL0000000008301711|SP1[SS1-SS6]|6||0
SC|GAROPABA|CBL0000000008301842|SP1[SS1-SS5]|5||0
SC|GAROPABA|CBL0000000008302141|SP1[SS1-SS4]|4||0
SC|GAROPABA|CBL0000000008302341|SP1[SS1-SS3]|3||0
SC|GAROPABA|CBL0000000008302444|SP1[SS1-SS2]|2||0
SC|GAROPABA|CBL0000000008302603|SP1[SS1]|1||0
SC|GAROPABA|CBL0000000008302824|SP2[SS2-SS8]|7||0
SC|GAROPABA|CBL0000000008303011|SP2[SS2-SS7]|6||0
SC|GAROPABA|CBL0000000008303014|SP90[SS1-SS2]|2||0
SC|GAROPABA|CBL0000000008303058|SP2[SS2-SS6]|5||0
SC|GAROPABA|CBL0000000008303167|SP2[SS2-SS5]|4||0
SC|GAROPABA|CBL0000000008303172|SP2[SS2-SS4]|3||0
SC|GAROPABA|CBL0000000008303282|SP2[SS2-SS3]|2||0
SC|GAROPABA|CBL0000000008303425|SP88[SS3-SS8]|6||0
SC|GAROPABA|CBL0000000008303534|SP88[SS3-SS6]|4||0
SC|GAROPABA|CBL0000000008303683|SP88[SS3-SS4]|2||0
SC|GAROPABA|CBL0000000008304120|SP2[SS2]|1||0
SC|GAROPABA|CBL0000000008304380|SP3[SS1-SS8]|8||0
SC|GAROPABA|CBL0000000008304628|SP3[SS1-SS7]|7||0
SC|GAROPABA|CBL0000000008304752|SP89[SS4-SS8]|5||0
SC|GAROPABA|CBL0000000008304792|SP89[SS4-SS7]|4||0
SC|GAROPABA|CBL0000000008304803|SP89[SS4-SS6]|3||0
SC|GAROPABA|CBL0000000008304807|SP3[SS1-SS6]|6||0
SC|GAROPABA|CBL0000000008304808|SP89[SS4-SS5]|2||0
SC|GAROPABA|CBL0000000008304810|SP89[SS4]|1||0
SC|GAROPABA|CBL0000000008304812|SP3[SS1-SS5]|5||0
SC|GAROPABA|CBL0000000008304914|SP3[SS1-SS4]|4||0
SC|GAROPABA|CBL0000000008304959|SP3[SS1-SS3]|3||0
SC|GAROPABA|CBL0000000008304969|SP3[SS1-SS2]|2||0
SC|GAROPABA|CBL0000000008304975|SP3[SS1]|1||0
SC|GAROPABA|CBL0000000008305111|SP4[SS1-SS8]|8||0
SC|GAROPABA|CBL0000000008305265|SP4[SS1-SS5]|5||0
SC|GAROPABA|CBL0000000008305271|SP4[SS1-SS4]|4||0
SC|GAROPABA|CBL0000000008305276|SP4[SS1-SS3]|3||0
SC|GAROPABA|CBL0000000008305317|SP4[SS1-SS2]|2||0
SC|GAROPABA|CBL0000000008305323|SP4[SS1]|1||0
SC|GAROPABA|CBL0000000008305339|SP5[SS2-SS8]|7||0
SC|GAROPABA|CBL0000000008305349|SP5[SS2-SS7]|6||0
SC|GAROPABA|CBL0000000008305355|SP5[SS2-SS6]|5||0
SC|GAROPABA|CBL0000000008305363|SP5[SS2-SS5]|4||0
SC|GAROPABA|CBL0000000008305385|SP5[SS2-SS4]|3||0
SC|GAROPABA|CBL0000000008305388|SP5[SS2-SS3]|2||0
SC|GAROPABA|CBL0000000008305393|SP5[SS2]|1||0
SC|GAROPABA|CBL0000000008306492|SP86[SS1-SS8]|8||0
SC|GAROPABA|CBL0000000008306521|SP86[SS1-SS6]|6||0
SC|GAROPABA|CBL0000000008306563|SP86[SS1-SS4]|4||0
SC|GAROPABA|CBL0000000008306592|SP86[SS1-SS2]|2||0
SC|GAROPABA|CBL0000000008307448|SP85[SS1-SS8]|8||0
SC|GAROPABA|CBL0000000008307455|SP85[SS1-SS6]|6||0
SC|GAROPABA|CBL0000000008307508|SP85[SS1-SS4]|4||0
SC|GAROPABA|CBL0000000008307515|SP85[SS1-SS2]|2||0
SC|GAROPABA|CBL0000000008308002|SP84[SS1-SS8]|8||0
SC|GAROPABA|CBL0000000008308010|SP84[SS1-SS6]|6||0
SC|GAROPABA|CBL0000000008308019|SP84[SS1-SS4]|4||0
SC|GAROPABA|CBL0000000008308024|SP84[SS1-SS2]|2||0
SC|GAROPABA|CBL0000000008309103|SP4[SS1-SS7]|7||0
SC|GAROPABA|CBL0000000008309135|SP4[SS1-SS6]|6||0
SC|GAROPABA|CBL0000000008348049|SP41[SS1-SS8]|8||0
SC|GAROPABA|CBL0000000008348050|SP41[SS1-SS7]|7||0
SC|GAROPABA|CBL0000000008348051|SP41[SS1-SS6]|6||0
SC|GAROPABA|CBL0000000008348052|SP41[SS1-SS5]|5||0
SC|GAROPABA|CBL0000000008348053|SP41[SS1-SS4]|4||0
SC|GAROPABA|CBL0000000008348054|SP41[SS1-SS3]|3||0
SC|GAROPABA|CBL0000000008348055|SP41[SS1-SS2]|2||0
SC|GAROPABA|CBL0000000008348056|SP41[SS1]|1||0
SC|GAROPABA|CBL0000000008348664|SP42[SS3-SS8]|6||0
SC|GAROPABA|CBL0000000008348665|SP42[SS3-SS7]|5||0
SC|GAROPABA|CBL0000000008348668|SP42[SS3-SS6]|4||0
SC|GAROPABA|CBL0000000008348669|SP42[SS3-SS5]|3||0
SC|GAROPABA|CBL0000000008348678|SP42[SS3-SS4]|2||0
SC|GAROPABA|CBL0000000008348679|SP42[SS3]|1||0
SC|GAROPABA|CBL0000000008353687|SP78[SS1-SS8]|8||0
SC|GAROPABA|CBL0000000008353694|SP78[SS1-SS7]|7||0
SC|GAROPABA|CBL0000000008353696|SP78[SS1-SS6]|6||0
SC|GAROPABA|CBL0000000008353704|SP78[SS1-SS5]|5||0
SC|GAROPABA|CBL0000000008353706|SP78[SS1-SS4]|4||0
SC|GAROPABA|CBL0000000008353708|SP78[SS1-SS3]|3||0
SC|GAROPABA|CBL0000000008353711|SP78[SS1-SS2]|2||0
SC|GAROPABA|CBL0000000008353715|SP78[SS1]|1||0
SC|GAROPABA|CBL0000000008353810|SP83[SS3]|1||0
SC|GAROPABA|CBL0000000008353876|SP83[SS4]|1||0
SC|GAROPABA|CBL0000000008353890|SP83[SS1]|1||0
SC|GAROPABA|CBL0000000008354495|SP79[SS1-SS8]|8||0
SC|GAROPABA|CBL0000000008354497|SP79[SS1-SS6]|6||0
SC|GAROPABA|CBL0000000008354504|SP79[SS1-SS4]|4||0
SC|GAROPABA|CBL0000000008354508|SP79[SS1-SS2]|2||0
SC|GAROPABA|CBL0000000008354704|SP81[SS3-SS8]|6||0
SC|GAROPABA|CBL0000000008354747|SP81[SS3-SS6]|4||0
SC|GAROPABA|CBL0000000008354752|SP81[SS3-SS4]|2||0
SC|GAROPABA|CBL0000000008355181|SP82[SS3-SS8]|6||0
SC|GAROPABA|CBL0000000008355184|SP82[SS3-SS6]|4||0
SC|GAROPABA|CBL0000000008355187|SP82[SS3-SS4]|2||0
SC|GAROPABA|CBL0000000008356638|SP67[SS1-SS8]|8||0
SC|GAROPABA|CBL0000000008356755|SP67[SS1-SS7]|7||0
SC|GAROPABA|CBL0000000008356762|SP67[SS1-SS6]|6||0
SC|GAROPABA|CBL0000000008356830|SP67[SS1-SS5]|5||0
SC|GAROPABA|CBL0000000008356900|SP67[SS1-SS4]|4||0
SC|GAROPABA|CBL0000000008356904|SP67[SS1-SS3]|3||0
SC|GAROPABA|CBL0000000008356947|SP67[SS1-SS2]|2||0
SC|GAROPABA|CBL0000000008356956|SP67[SS1]|1||0
SC|GAROPABA|CBL0000000008409310|SP29[SS1-SS8]|8||0
SC|GAROPABA|CBL0000000008409555|SP29[SS1-SS7]|7||0
SC|GAROPABA|CBL0000000008409746|SP29[SS1-SS6]|6||0
SC|GAROPABA|CBL0000000008410047|SP29[SS1-SS5]|5||0
SC|GAROPABA|CBL0000000008410470|SP29[SS1-SS4]|4||0
SC|GAROPABA|CBL0000000008410720|SP29[SS1-SS3]|3||0
SC|GAROPABA|CBL0000000008410831|SP29[SS1-SS2]|2||0
SC|GAROPABA|CBL0000000008411002|SP29[SS1]|1||0
SC|GAROPABA|CBL0000000008441755|SP43[SS1-SS8]|8||0
SC|GAROPABA|CBL0000000008441801|SP43[SS1-SS6]|6||0
SC|GAROPABA|CBL0000000008441951|SP43[SS1-SS4]|4||0
SC|GAROPABA|CBL0000000008442133|SP43[SS1-SS2]|2||0
SC|GAROPABA|CBL0000000008455083|SP30[SS1-SS8]|8||0
SC|GAROPABA|CBL0000000008455164|SP30[SS1-SS7]|7||0
SC|GAROPABA|CBL0000000008455624|SP30[SS1-SS6]|6||0
SC|GAROPABA|CBL0000000008455758|SP30[SS1-SS5]|5||0
SC|GAROPABA|CBL0000000008455892|SP30[SS1-SS4]|4||0
SC|GAROPABA|CBL0000000008456006|SP30[SS1-SS3]|3||0
SC|GAROPABA|CBL0000000008456105|SP30[SS1-SS2]|2||0
SC|GAROPABA|CBL0000000008456166|SP30[SS1]|1||0
SC|GAROPABA|CBL0000000008469085|SP26[SS3-SS8]|6||0
SC|GAROPABA|CBL0000000008469162|SP26[SS3-SS7]|5||0
SC|GAROPABA|CBL0000000008469232|SP26[SS3-SS6]|4||0
SC|GAROPABA|CBL0000000008469302|SP26[SS3-SS5]|3||0
SC|GAROPABA|CBL0000000008469430|SP26[SS3-SS4]|2||0
SC|GAROPABA|CBL0000000008469582|SP26[SS3]|1||0
SC|GAROPABA|CBL0000000008477580|SP27[SS1-SS8]|8||0
SC|GAROPABA|CBL0000000008478094|SP27[SS1-SS7]|7||0
SC|GAROPABA|CBL0000000008478300|SP27[SS1-SS6]|6||0
SC|GAROPABA|CBL0000000008478936|SP27[SS1-SS5]|5||0
SC|GAROPABA|CBL0000000008478993|SP27[SS1-SS4]|4||0
SC|GAROPABA|CBL0000000008479124|SP27[SS1-SS3]|3||0
SC|GAROPABA|CBL0000000008479250|SP27[SS1-SS2]|2||0
SC|GAROPABA|CBL0000000008479397|SP27[SS1]|1||0
SC|GAROPABA|CBL0000000008487439|SP28[SS1-SS8]|8||0
SC|GAROPABA|CBL0000000008487528|SP28[SS1-SS7]|7||0
SC|GAROPABA|CBL0000000008487635|SP28[SS1-SS6]|6||0
SC|GAROPABA|CBL0000000008487701|SP28[SS1-SS5]|5||0
SC|GAROPABA|CBL0000000008487886|SP28[SS1-SS4]|4||0
SC|GAROPABA|CBL0000000008487971|SP28[SS1-SS3]|3||0
SC|GAROPABA|CBL0000000008488135|SP28[SS1-SS2]|2||0
SC|GAROPABA|CBL0000000008488254|SP28[SS1]|1||0
SC|GAROPABA|CBL0000000008491026|SP59[SS1-SS7]|7||0
SC|GAROPABA|CBL0000000008491303|SP59[SS1-SS6]|6||0
SC|GAROPABA|CBL0000000008491419|SP59[SS1-SS5]|5||0
SC|GAROPABA|CBL0000000008491531|SP59[SS1-SS4]|4||0
SC|GAROPABA|CBL0000000008491607|SP59[SS1-SS3]|3||0
SC|GAROPABA|CBL0000000008491745|SP59[SS1-SS2]|2||0
SC|GAROPABA|CBL0000000008491998|SP59[SS1]|1||0
SC|GAROPABA|CBL0000000008492789|SP60[SS1-SS7]|7||0
SC|GAROPABA|CBL0000000008493130|SP60[SS1-SS6]|6||0
SC|GAROPABA|CBL0000000008493265|SP60[SS1-SS4]|4||0
SC|GAROPABA|CBL0000000008493363|SP60[SS1-SS5]|5||0
SC|GAROPABA|CBL0000000008493726|SP60[SS1-SS3]|3||0
SC|GAROPABA|CBL0000000008493858|SP60[SS1-SS2]|2||0
SC|GAROPABA|CBL0000000008494069|SP60[SS1]|1||0
SC|GAROPABA|CBL0000000008494793|SP80[SS1-SS8]|8||0
SC|GAROPABA|CBL0000000008494879|SP80[SS1-SS6]|6||0
SC|GAROPABA|CBL0000000008495001|SP80[SS1-SS4]|4||0
SC|GAROPABA|CBL0000000008495168|SP80[SS1-SS2]|2||0
SC|GAROPABA|CBL0000000008500596|SP74[SS1-SS8]|8||0
SC|GAROPABA|CBL0000000008500773|SP74[SS1-SS6]|6||0
SC|GAROPABA|CBL0000000008500940|SP74[SS1-SS4]|4||0
SC|GAROPABA|CBL0000000008501084|SP74[SS1-SS2]|2||0
SC|GAROPABA|CBL0000000008506200|SP17[SS1-SS8]|8||0
SC|GAROPABA|CBL0000000008506273|SP17[SS1-SS7]|7||0
SC|GAROPABA|CBL0000000008506557|SP17[SS1-SS6]|6||0
SC|GAROPABA|CBL0000000008506710|SP17[SS1-SS5]|5||0
SC|GAROPABA|CBL0000000008506784|SP17[SS1-SS4]|4||0
SC|GAROPABA|CBL0000000008506909|SP17[SS1-SS3]|3||0
SC|GAROPABA|CBL0000000008506994|SP17[SS1-SS2]|2||0
SC|GAROPABA|CBL0000000008507082|SP17[SS1]|1||0
SC|GAROPABA|CBL0000000008512010|SP68[SS2-SS8]|7||0
SC|GAROPABA|CBL0000000008512165|SP68[SS2-SS7]|6||0
SC|GAROPABA|CBL0000000008512281|SP68[SS2-SS6]|5||0
SC|GAROPABA|CBL0000000008512350|SP68[SS2-SS5]|4||0
SC|GAROPABA|CBL0000000008512433|SP68[SS2-SS4]|3||0
SC|GAROPABA|CBL0000000008512531|SP68[SS2-SS3]|2||0
SC|GAROPABA|CBL0000000008512608|SP68[SS2]|1||0
SC|GAROPABA|CBL0000000008515460|SP70[SS1-SS8]|8||0
SC|GAROPABA|CBL0000000008515461|SP70[SS1-SS7]|7||0
SC|GAROPABA|CBL0000000008515462|SP70[SS1-SS6]|6||0
SC|GAROPABA|CBL0000000008515465|SP70[SS1-SS5]|5||0
SC|GAROPABA|CBL0000000008515468|SP70[SS1-SS4]|4||0
SC|GAROPABA|CBL0000000008515469|SP70[SS1-SS3]|3||0
SC|GAROPABA|CBL0000000008515472|SP70[SS1-SS2]|2||0
SC|GAROPABA|CBL0000000008515475|SP70[SS1]|1||0
SC|GAROPABA|CBL0000000008515971|SP71[SS2-SS8]|7||0
SC|GAROPABA|CBL0000000008515972|SP71[SS2-SS7]|6||0
SC|GAROPABA|CBL0000000008515975|SP71[SS2-SS6]|5||0
SC|GAROPABA|CBL0000000008515980|SP71[SS2-SS5]|4||0
SC|GAROPABA|CBL0000000008515983|SP71[SS2-SS4]|3||0
SC|GAROPABA|CBL0000000008515986|SP71[SS2-SS3]|2||0
SC|GAROPABA|CBL0000000008515987|SP71[SS2]|1||0
SC|GAROPABA|CBL0000000008552860|SP18[SS2-SS8]|7||0
SC|GAROPABA|CBL0000000008553165|SP18[SS2-SS7]|6||0
SC|GAROPABA|CBL0000000008553374|SP18[SS2-SS6]|5||0
SC|GAROPABA|CBL0000000008553609|SP18[SS2-SS5]|4||0
SC|GAROPABA|CBL0000000008553688|SP18[SS2-SS4]|3||0
SC|GAROPABA|CBL0000000008553858|SP18[SS2-SS3]|2||0
SC|GAROPABA|CBL0000000008554159|SP18[SS2]|1||0
SC|GAROPABA|CBL0000000008578288|SP19[SS3-SS8]|6||0
SC|GAROPABA|CBL0000000008579085|SP19[SS3-SS7]|5||0
SC|GAROPABA|CBL0000000008579221|SP19[SS3-SS6]|4||0
SC|GAROPABA|CBL0000000008579428|SP19[SS3-SS5]|3||0
SC|GAROPABA|CBL0000000008579959|SP19[SS3-SS4]|2||0
SC|GAROPABA|CBL0000000008580274|SP19[SS3]|1||0
SC|GAROPABA|CBL0000000008642367|SP9[SS1-SS8]|8||0
SC|GAROPABA|CBL0000000008642946|SP9[SS1-SS7]|7||0
SC|GAROPABA|CBL0000000008643181|SP9[SS1-SS6]|6||0
SC|GAROPABA|CBL0000000008643302|SP9[SS1-SS5]|5||0
SC|GAROPABA|CBL0000000008643496|SP9[SS1-SS4]|4||0
SC|GAROPABA|CBL0000000008643680|SP9[SS1-SS3]|3||0
SC|GAROPABA|CBL0000000008643862|SP9[SS1-SS2]|2||0
SC|GAROPABA|CBL0000000008644011|SP9[SS1]|1||0
SC|GAROPABA|CBL0000000008662055|SP10[SS1-SS8]|8||0
SC|GAROPABA|CBL0000000008662562|SP10[SS1-SS7]|7||0
SC|GAROPABA|CBL0000000008663413|SP10[SS1-SS6]|6||0
SC|GAROPABA|CBL0000000008663733|SP10[SS1-SS5]|5||0
SC|GAROPABA|CBL0000000008663817|SP60[SS1-SS8]|8||0
SC|GAROPABA|CBL0000000008663928|SP10[SS1-SS4]|4||0
SC|GAROPABA|CBL0000000008664063|SP10[SS1-SS3]|3||0
SC|GAROPABA|CBL0000000008664240|SP10[SS1-SS2]|2||0
SC|GAROPABA|CBL0000000008664599|SP10[SS1]|1||0
SC|GAROPABA|CBL0000000008672934|SP59[SS1-SS8]|8||0
SC|GAROPABA|CBL0000000008690519|SP75[SS1-SS8]|8||0
SC|GAROPABA|CBL0000000008690593|SP75[SS1-SS6]|6||0
SC|GAROPABA|CBL0000000008690691|SP75[SS1-SS4]|4||0
SC|GAROPABA|CBL0000000008690783|SP75[SS1-SS2]|2||0
SC|GAROPABA|CBL0000000008700761|SP76[SS2-SS8]|7||0
SC|GAROPABA|CBL0000000008700793|SP76[SS2-SS7]|6||0
SC|GAROPABA|CBL0000000008701054|SP76[SS2-SS6]|5||0
SC|GAROPABA|CBL0000000008701135|SP76[SS2-SS5]|4||0
SC|GAROPABA|CBL0000000008701181|SP76[SS2-SS4]|3||0
SC|GAROPABA|CBL0000000008701217|SP76[SS2-SS3]|2||0
SC|GAROPABA|CBL0000000008701252|SP76[SS2]|1||0
SC|GAROPABA|CBL0000000008705446|SP77[SS1]|1||0
SC|GAROPABA|CBL0000000008706257|SP69[SS1-SS8]|8||0
SC|GAROPABA|CBL0000000008706443|SP69[SS1-SS7]|7||0
SC|GAROPABA|CBL0000000008706532|SP69[SS1-SS6]|6||0
SC|GAROPABA|CBL0000000008706864|SP69[SS1-SS5]|5||0
SC|GAROPABA|CBL0000000008706942|SP69[SS1-SS4]|4||0
SC|GAROPABA|CBL0000000008706998|SP69[SS1-SS3]|3||0
SC|GAROPABA|CBL0000000008707066|SP69[SS1-SS2]|2||0
SC|GAROPABA|CBL0000000008707130|SP69[SS1]|1||0
SC|GAROPABA|CBL0000000008709261|SP73[SS1-SS8]|8||0
SC|GAROPABA|CBL0000000008709262|SP73[SS1-SS7]|7||0
SC|GAROPABA|CBL0000000008709267|SP73[SS1-SS6]|6||0
SC|GAROPABA|CBL0000000008709268|SP73[SS1-SS5]|5||0
SC|GAROPABA|CBL0000000008709271|SP73[SS1-SS4]|4||0
SC|GAROPABA|CBL0000000008709272|SP73[SS1-SS3]|3||0
SC|GAROPABA|CBL0000000008709273|SP73[SS1-SS2]|2||0
SC|GAROPABA|CBL0000000008709274|SP73[SS1]|1||0
SC|GAROPABA|CBL0000000008714103|SP7[SS1-SS8]|8||0
SC|GAROPABA|CBL0000000008714117|SP7[SS1-SS7]|7||0
SC|GAROPABA|CBL0000000008714124|SP7[SS1-SS6]|6||0
SC|GAROPABA|CBL0000000008714233|SP7[SS1-SS5]|5||0
SC|GAROPABA|CBL0000000008714237|SP7[SS1-SS4]|4||0
SC|GAROPABA|CBL0000000008714245|SP7[SS1-SS3]|3||0
SC|GAROPABA|CBL0000000008714250|SP7[SS1-SS2]|2||0
SC|GAROPABA|CBL0000000008714428|SP7[SS1]|1||0
SC|GAROPABA|CBL0000000008717551|SP31[SS1-SS8]|8||0
SC|GAROPABA|CBL0000000008717593|SP31[SS1-SS7]|7||0
SC|GAROPABA|CBL0000000008717663|SP31[SS1-SS6]|6||0
SC|GAROPABA|CBL0000000008717712|SP31[SS1-SS5]|5||0
SC|GAROPABA|CBL0000000008717817|SP31[SS1-SS4]|4||0
SC|GAROPABA|CBL0000000008717868|SP31[SS1-SS3]|3||0
SC|GAROPABA|CBL0000000008718012|SP31[SS1-SS2]|2||0
SC|GAROPABA|CBL0000000008718211|SP31[SS1]|1||0
SC|GAROPABA|CBL0000000008719190|SP11[SS1-SS8]|8||0
SC|GAROPABA|CBL0000000008719349|SP11[SS1-SS7]|7||0
SC|GAROPABA|CBL0000000008719479|SP11[SS1-SS6]|6||0
SC|GAROPABA|CBL0000000008719627|SP11[SS1-SS5]|5||0
SC|GAROPABA|CBL0000000008719895|SP11[SS1-SS4]|4||0
SC|GAROPABA|CBL0000000008720007|SP11[SS1-SS3]|3||0
SC|GAROPABA|CBL0000000008720167|SP11[SS1-SS2]|2||0
SC|GAROPABA|CBL0000000008720440|SP11[SS1]|1||0
SC|GAROPABA|CBL0000000008721385|SP13[SS1-SS8]|8||0
SC|GAROPABA|CBL0000000008721496|SP13[SS1-SS7]|7||0
SC|GAROPABA|CBL0000000008721612|SP13[SS1-SS6]|6||0
SC|GAROPABA|CBL0000000008721752|SP13[SS1-SS5]|5||0
SC|GAROPABA|CBL0000000008722362|SP12[SS1-SS8]|8||0
SC|GAROPABA|CBL0000000008722458|SP12[SS1-SS7]|7||0
SC|GAROPABA|CBL0000000008722489|SP12[SS1-SS6]|6||0
SC|GAROPABA|CBL0000000008722592|SP12[SS1-SS5]|5||0
SC|GAROPABA|CBL0000000008722702|SP12[SS1-SS4]|4||0
SC|GAROPABA|CBL0000000008722780|SP12[SS1-SS3]|3||0
SC|GAROPABA|CBL0000000008722820|SP12[SS1-SS2]|2||0
SC|GAROPABA|CBL0000000008722905|SP12[SS1]|1||0
SC|GAROPABA|CBL0000000008723326|SP13[SS1-SS4]|4||0
SC|GAROPABA|CBL0000000008723462|SP13[SS1-SS3]|3||0
SC|GAROPABA|CBL0000000008724014|SP13[SS1-SS2]|2||0
SC|GAROPABA|CBL0000000008724339|SP13[SS1]|1||0
SC|GAROPABA|CBL0000000008724410|SP14[SS4-SS8]|5||0
SC|GAROPABA|CBL0000000008724490|SP14[SS4-SS7]|4||0
SC|GAROPABA|CBL0000000008724600|SP14[SS4-SS6]|3||0
SC|GAROPABA|CBL0000000008724719|SP14[SS4-SS5]|2||0
SC|GAROPABA|CBL0000000008724995|SP14[SS4]|1||0
SC|GAROPABA|CBL0000000008725139|SP15[SS3-SS8]|6||0
SC|GAROPABA|CBL0000000008725287|SP15[SS3-SS7]|5||0
SC|GAROPABA|CBL0000000008725417|SP15[SS3-SS6]|4||0
SC|GAROPABA|CBL0000000008725432|SP15[SS3-SS5]|3||0
SC|GAROPABA|CBL0000000008725539|SP15[SS3-SS4]|2||0
SC|GAROPABA|CBL0000000008725660|SP15[SS3]|1||0
SC|GAROPABA|CBL0000000008726313|SP33[SS3-SS8]|6||0
SC|GAROPABA|CBL0000000008726559|SP33[SS3-SS6]|4||0
SC|GAROPABA|CBL0000000008726923|SP33[SS3-SS4]|2||0
SC|GAROPABA|CBL0000000008728549|SP58[SS2-SS6]|5||0
SC|GAROPABA|CBL0000000008728672|SP58[SS2-SS5]|4||0
SC|GAROPABA|CBL0000000008729214|SP58[SS2-SS4]|3||0
SC|GAROPABA|CBL0000000008729491|SP58[SS2-SS3]|2||0
SC|GAROPABA|CBL0000000008729651|SP58[SS2]|1||0
SC|GAROPABA|CBL0000000008730200|SP58[SS2-SS8]|7||0
SC|GAROPABA|CBL0000000008730264|SP58[SS2-SS7]|6||0
SC|GAROPABA|CBL0000000008736863|SP57[SS1-SS8]|8||0
SC|GAROPABA|CBL0000000008737814|SP57[SS1-SS7]|7||0
SC|GAROPABA|CBL0000000008738145|SP57[SS1-SS6]|6||0
SC|GAROPABA|CBL0000000008738321|SP72[SS3-SS8]|6||0
SC|GAROPABA|CBL0000000008738491|SP72[SS3-SS7]|5||0
SC|GAROPABA|CBL0000000008738526|SP72[SS3-SS6]|4||0
SC|GAROPABA|CBL0000000008740548|SP51[SS1]|1||0
SC|GAROPABA|CBL0000000008741076|SP72[SS3-SS5]|3||0
SC|GAROPABA|CBL0000000008741184|SP72[SS3-SS4]|2||0
SC|GAROPABA|CBL0000000008741236|SP32[SS3-SS8]|6||0
SC|GAROPABA|CBL0000000008741277|SP72[SS3]|1||0
SC|GAROPABA|CBL0000000008741333|SP32[SS3-SS7]|5||0
SC|GAROPABA|CBL0000000008741380|SP32[SS3-SS6]|4||0
SC|GAROPABA|CBL0000000008741470|SP32[SS3-SS5]|3||0
SC|GAROPABA|CBL0000000008741694|SP32[SS3-SS4]|2||0
SC|GAROPABA|CBL0000000008741746|SP32[SS3]|1||0
SC|GAROPABA|CBL0000000008744569|SP57[SS1-SS5]|5||0
SC|GAROPABA|CBL0000000008744689|SP57[SS1-SS4]|4||0
SC|GAROPABA|CBL0000000008744826|SP57[SS1-SS3]|3||0
SC|GAROPABA|CBL0000000008744957|SP57[SS1-SS2]|2||0
SC|GAROPABA|CBL0000000008745135|SP57[SS1]|1||0
SC|GAROPABA|CBL0000000008751581|SP56[SS2]|1||0
SC|GAROPABA|CBL0000000008751684|SP56[SS1]|1||0
SC|GAROPABA|CBL0000000008759697|SP20[SS1-SS8]|8||0
SC|GAROPABA|CBL0000000008759894|SP20[SS1-SS7]|7||0
SC|GAROPABA|CBL0000000008760044|SP20[SS1-SS6]|6||0
SC|GAROPABA|CBL0000000008760242|SP20[SS1-SS5]|5||0
SC|GAROPABA|CBL0000000008760346|SP20[SS1-SS4]|4||0
SC|GAROPABA|CBL0000000008760374|SP20[SS1-SS3]|3||0
SC|GAROPABA|CBL0000000008760477|SP20[SS1-SS2]|2||0
SC|GAROPABA|CBL0000000008760595|SP20[SS1]|1||0
SC|GAROPABA|CBL0000000008771128|SP21[SS1-SS8]|8||0
SC|GAROPABA|CBL0000000008771171|SP21[SS1-SS7]|7||0
SC|GAROPABA|CBL0000000008771175|SP21[SS1-SS6]|6||0
SC|GAROPABA|CBL0000000008771257|SP21[SS1-SS5]|5||0
SC|GAROPABA|CBL0000000008771264|SP21[SS1-SS4]|4||0
SC|GAROPABA|CBL0000000008771309|SP21[SS1-SS3]|3||0
SC|GAROPABA|CBL0000000008771321|SP21[SS1-SS2]|2||0
SC|GAROPABA|CBL0000000008771441|SP21[SS1]|1||0
SC|GAROPABA|CBL0000000008781372|SP8[SS1-SS8]|8||0
SC|GAROPABA|CBL0000000008784995|SP8[SS1-SS7]|7||0
SC|GAROPABA|CBL0000000008785004|SP8[SS1-SS6]|6||0
SC|GAROPABA|CBL0000000008785076|SP8[SS1-SS5]|5||0
SC|GAROPABA|CBL0000000008785153|SP8[SS1-SS4]|4||0
SC|GAROPABA|CBL0000000008785227|SP8[SS1-SS3]|3||0
SC|GAROPABA|CBL0000000008785362|SP8[SS1-SS2]|2||0
SC|GAROPABA|CBL0000000008785428|SP8[SS1]|1||0
SC|GAROPABA|CBL0000000008787539|SP22[SS3-SS8]|6||0
SC|GAROPABA|CBL0000000008787749|SP22[SS3-SS6]|4||0
SC|GAROPABA|CBL0000000008787818|SP22[SS3-SS4]|2||0
SC|GAROPABA|CBL0000000008857830|SP64[SS1-SS8]|8||0
SC|GAROPABA|CBL0000000008889123|SP23[SS1-SS8]|8||0
SC|GAROPABA|CBL0000000008889359|SP23[SS1-SS6]|6||0
SC|GAROPABA|CBL0000000008889566|SP23[SS1-SS4]|4||0
SC|GAROPABA|CBL0000000008889836|SP23[SS1-SS2]|2||0
SC|GAROPABA|CBL0000000008911997|SP64[SS1-SS7]|7||0
SC|GAROPABA|CBL0000000008912009|SP64[SS1-SS6]|6||0
SC|GAROPABA|CBL0000000008946230|SP64[SS1-SS5]|5||0
SC|GAROPABA|CBL0000000008946330|SP64[SS1-SS4]|4||0
SC|GAROPABA|CBL0000000008946628|SP64[SS1-SS3]|3||0
SC|GAROPABA|CBL0000000008946798|SP64[SS1-SS2]|2||0
SC|GAROPABA|CBL0000000008947073|SP64[SS1]|1||0
SC|GAROPABA|CBL0000000009031954|SP65[SS1-SS8]|8||0
SC|GAROPABA|CBL0000000009031955|SP65[SS1-SS7]|7||0
SC|GAROPABA|CBL0000000009031956|SP65[SS1-SS6]|6||0
SC|GAROPABA|CBL0000000009031957|SP65[SS1-SS5]|5||0
SC|GAROPABA|CBL0000000009031958|SP65[SS1-SS4]|4||0
SC|GAROPABA|CBL0000000009031959|SP65[SS1-SS3]|3||0
SC|GAROPABA|CBL0000000009031960|SP65[SS1-SS2]|2||0
SC|GAROPABA|CBL0000000009031961|SP65[SS1]|1||0
SC|GAROPABA|CBL0000000009753761|SP24[SS1-SS8]|8||0
SC|GAROPABA|CBL0000000009753862|SP24[SS1-SS6]|6||0
SC|GAROPABA|CBL0000000009753934|SP24[SS1-SS4]|4||0
SC|GAROPABA|CBL0000000009754068|SP24[SS1-SS2]|2||0
SC|GAROPABA|CBL0000000009849247|SP66[SS5]|1||0
SC|GAROPABA|CBL0000000014327828|SP34[SS1-SS8]|8||0
SC|GAROPABA|CBL0000000014327857|SP34[SS1-SS7]|7||0
SC|GAROPABA|CBL0000000014327888|SP34[SS1-SS6]|6||0
SC|GAROPABA|CBL0000000014329782|SP34[SS1-SS5]|5||0
SC|GAROPABA|CBL0000000014329812|SP34[SS1-SS4]|4||0
SC|GAROPABA|CBL0000000014329821|SP34[SS1-SS3]|3||0
SC|GAROPABA|CBL0000000014329876|SP34[SS1-SS2]|2||0
SC|GAROPABA|CBL0000000014329881|SP34[SS1]|1||0
SC|GAROPABA|CBL0000000014522469|SP35[SS1-SS8]|8||0
SC|GAROPABA|CBL0000000014522541|SP35[SS1-SS7]|7||0
SC|GAROPABA|CBL0000000014522810|SP35[SS1-SS6]|6||0
SC|GAROPABA|CBL0000000014522923|SP35[SS1-SS5]|5||0
SC|GAROPABA|CBL0000000014523021|SP35[SS1-SS4]|4||0
SC|GAROPABA|CBL0000000014523594|SP35[SS1-SS3]|3||0
SC|GAROPABA|CBL0000000014523689|SP35[SS1-SS2]|2||0
SC|GAROPABA|CBL0000000014523821|SP35[SS1]|1||0
SC|GAROPABA|CBL0000000014665713|SP36[SS1-SS8]|8||0
SC|GAROPABA|CBL0000000014665774|SP36[SS1-SS7]|7||0
SC|GAROPABA|CBL0000000014665946|SP36[SS1-SS6]|6||0
SC|GAROPABA|CBL0000000014666017|SP36[SS1-SS5]|5||0
SC|GAROPABA|CBL0000000014666113|SP36[SS1-SS4]|4||0
SC|GAROPABA|CBL0000000014666157|SP36[SS1-SS3]|3||0
SC|GAROPABA|CBL0000000014666206|SP36[SS1-SS2]|2||0
SC|GAROPABA|CBL0000000014666304|SP36[SS1]|1||0
SC|GAROPABA|CBL0000000014727992|SP37[SS1-SS8]|8||0
SC|GAROPABA|CBL0000000014728061|SP37[SS1-SS7]|7||0
SC|GAROPABA|CBL0000000014728151|SP37[SS1-SS6]|6||0
SC|GAROPABA|CBL0000000014728235|SP37[SS1-SS5]|5||0
SC|GAROPABA|CBL0000000014728335|SP37[SS1-SS4]|4||0
SC|GAROPABA|CBL0000000014728376|SP37[SS1-SS3]|3||0
SC|GAROPABA|CBL0000000014728456|SP37[SS1-SS2]|2||0
SC|GAROPABA|CBL0000000014728486|SP37[SS1]|1||0
SC|GAROPABA|CBL0000000014745535|SP38[SS2-SS8]|7||0
SC|GAROPABA|CBL0000000014745654|SP38[SS2-SS7]|6||0
SC|GAROPABA|CBL0000000014745793|SP38[SS2-SS6]|5||0
SC|GAROPABA|CBL0000000014745911|SP38[SS2-SS5]|4||0
SC|GAROPABA|CBL0000000014746164|SP38[SS2-SS4]|3||0
SC|GAROPABA|CBL0000000014746385|SP38[SS2-SS3]|2||0
SC|GAROPABA|CBL0000000014746514|SP38[SS2]|1||0
SC|GAROPABA|CBL0000000020444290|SP47[SS1-SS6]|6||0
SC|GAROPABA|CBL0000000034932822|SP66[SS1]|1||0
SC|GAROPABA|CBL0000000034938896|SP66[SS2]|1||0
SC|GAROPABA|CBL0000000035021088|SP66[SS3]|1||0
SC|GAROPABA|CBL0000000038492710|SP50[SS2]|1||0
SC|GAROPABA|CBL0000000038493174|SP50[SS1]|1||0
